{
    "fx": 980.4099782404301,
    "fy": 980.2483923503648,
    "dist_coeffs": [
        [
            0.3050669037187116,
            -1.4852881669848994,
            -0.003175361653896091,
            3.215395278926844e-05,
            2.3183276216188085
        ]
    ]
}
